{
  "test-edit.js": 1776109563.7935042,
  "test-yt.ts": 1776224747.9679887,
  "test-trending.ts": 1776313874.6860986,
  "backend/1772908137573-player-script.js": 1775853327.3479404,
  "backend/debug_feed.ts": 1775853327.3489404,
  "backend/index.ts": 1775853327.3489404,
  "backend/test-channel.ts": 1776217052.1368937,
  "backend/test-extract.ts": 1776217067.5119019,
  "backend/test-yt.js": 1776224705.6226642,
  "backend/test-trending.mjs": 1776313945.857814,
  "backend/test-browse-trending.mjs": 1776322434.6852212,
  "backend/debug-methods.mjs": 1776322457.2371814,
  "backend/test-final.mjs": 1776322486.9181356,
  "backend/test-guide.ts": 1776343675.6806216,
  "backend/src/app.ts": 1775853327.3489404,
  "backend/src/index.ts": 1776223477.5114546,
  "backend/src/innertube.ts": 1775853327.3502576,
  "backend/src/types.d.ts": 1775853327.3523705,
  "backend/src/config/env.ts": 1775853327.3502576,
  "backend/src/jobs/cleanup.job.ts": 1775853327.3502576,
  "backend/src/jobs/queue.ts": 1775853327.3503935,
  "backend/src/jobs/recommendations.job.ts": 1775853327.3503935,
  "backend/src/jobs/trending.job.ts": 1775853327.3503935,
  "backend/src/jobs/worker.ts": 1775853327.3503935,
  "backend/src/modules/analytics/analytics.routes.ts": 1775853327.3505113,
  "backend/src/modules/auth/auth.routes.ts": 1775853327.3505113,
  "backend/src/modules/auth/auth.schemas.ts": 1775853327.3505993,
  "backend/src/modules/auth/auth.service.ts": 1776218020.5478888,
  "backend/src/modules/channels/channels.routes.ts": 1776224814.6456962,
  "backend/src/modules/live/live.routes.ts": 1775853327.3505993,
  "backend/src/modules/live/live.service.ts": 1775853327.3508081,
  "backend/src/modules/playlists/playlists.routes.ts": 1775853327.3508081,
  "backend/src/modules/playlists/playlists.schemas.ts": 1775853327.3508763,
  "backend/src/modules/playlists/playlists.service.ts": 1775853327.3508763,
  "backend/src/modules/recommendations/recommendation.routes.ts": 1775853327.3508763,
  "backend/src/modules/recommendations/recommendation.service.ts": 1775853327.3509414,
  "backend/src/modules/search/search.routes.ts": 1775853327.3509414,
  "backend/src/modules/trending/trending.routes.ts": 1775853327.3509414,
  "backend/src/modules/trending/trending.service.ts": 1775853327.3510544,
  "backend/src/modules/users/users.routes.ts": 1776343937.2323403,
  "backend/src/modules/videos/videos.routes.ts": 1775853327.3510544,
  "backend/src/modules/watch-later/watchlater.routes.ts": 1775853327.3510544,
  "backend/src/modules/youtube/youtube.routes.ts": 1776343042.0118387,
  "backend/src/modules/youtube/youtube.schemas.ts": 1775853327.3517642,
  "backend/src/plugins/metrics.ts": 1775853327.3517642,
  "backend/src/plugins/prisma.ts": 1775853327.3518655,
  "backend/src/plugins/redis.ts": 1775853327.3518655,
  "backend/src/routes/history.ts": 1775853327.3518655,
  "backend/src/routes/home-feed.ts": 1775853327.3520036,
  "backend/src/routes/proxy.ts": 1775853327.3520036,
  "backend/src/routes/users.ts": 1775853327.3520036,
  "backend/src/routes/videos.ts": 1775853327.3520036,
  "backend/src/routes/youtube.ts": 1775853327.3520036,
  "backend/src/scripts/prefetch.ts": 1775853327.3520036,
  "backend/src/services/cache.service.ts": 1775853327.3520036,
  "backend/src/services/youtube.service.ts": 1776343690.66682,
  "backend/src/types/fastify.d.ts": 1775853327.3523705,
  "backend/src/utils/crypto.ts": 1775853327.3523705,
  "backend/src/utils/db.ts": 1775853327.352607,
  "backend/src/utils/errors.ts": 1775853327.352607,
  "backend/scripts/test-channel-header.ts": 1776216800.0534582,
  "frontend/eslint.config.mjs": 1775853327.3528092,
  "frontend/next.config.ts": 1775853327.3528092,
  "frontend/postcss.config.mjs": 1775853327.3528092,
  "frontend/next-env.d.ts": 1776476355.0127037,
  "frontend/test.js": 1776312950.4761662,
  "frontend/test-trending.js": 1776313161.8889596,
  "frontend/test-edit.js": 1776314267.4145644,
  "frontend/vitest.config.ts": 1776320872.4805899,
  "frontend/playwright.config.ts": 1776344024.2570472,
  "frontend/src/app/layout.tsx": 1776237175.8714566,
  "frontend/src/app/page.tsx": 1775853327.3532696,
  "frontend/src/app/providers.tsx": 1775853327.3536825,
  "frontend/src/app/api/trending/route.ts": 1775853327.3530946,
  "frontend/src/app/auth/callback/page.tsx": 1775853327.3531451,
  "frontend/src/app/auth/login/page.tsx": 1775853327.3531451,
  "frontend/src/app/auth/register/page.tsx": 1775853327.3531451,
  "frontend/src/app/channel/[id]/page.tsx": 1776346141.5210052,
  "frontend/src/app/history/page.tsx": 1776256755.6203861,
  "frontend/src/app/library/page.tsx": 1775853327.3532696,
  "frontend/src/app/playlist/[id]/page.tsx": 1775853327.3536825,
  "frontend/src/app/search/page.tsx": 1776346170.5961113,
  "frontend/src/app/section/[slug]/page.tsx": 1775853327.3537931,
  "frontend/src/app/settings/page.tsx": 1775853327.3537931,
  "frontend/src/app/settings/security/page.tsx": 1775853327.3538642,
  "frontend/src/app/shorts/page.tsx": 1776346059.5736954,
  "frontend/src/app/shorts/[id]/page.tsx": 1775853327.353949,
  "frontend/src/app/subscriptions/page.tsx": 1775853327.353949,
  "frontend/src/app/trending/page.tsx": 1775853327.353949,
  "frontend/src/app/upload/page.tsx": 1775853327.353949,
  "frontend/src/app/video/[id]/page.tsx": 1775853327.3541274,
  "frontend/src/app/watch-later/page.tsx": 1775853327.3541274,
  "frontend/src/app/watch/[id]/page.tsx": 1776217578.0839992,
  "frontend/src/app/explore/page.tsx": 1776314272.6655762,
  "frontend/src/app/liked-videos/page.tsx": 1776313539.30064,
  "frontend/src/app/my-videos/page.tsx": 1776313558.1868699,
  "frontend/src/app/category/[slug]/page.tsx": 1776313573.97394,
  "frontend/src/app/notifications/page.tsx": 1776344146.206118,
  "frontend/src/components/CategoryRow.tsx": 1775853327.3542473,
  "frontend/src/components/CategoryStrip.tsx": 1775853327.3543193,
  "frontend/src/components/ChannelCard.tsx": 1775853327.3543193,
  "frontend/src/components/FeaturedHeroVideo.tsx": 1775853327.3543193,
  "frontend/src/components/HomeFeed.tsx": 1775853327.3543193,
  "frontend/src/components/HomeVideoSection.tsx": 1775853327.3543193,
  "frontend/src/components/InfiniteVideoFeed.tsx": 1775853327.3543193,
  "frontend/src/components/Navbar.tsx": 1776344668.8614132,
  "frontend/src/components/ShortVideoCard.tsx": 1775853327.3543193,
  "frontend/src/components/SkeletonLoader.tsx": 1775853327.3543193,
  "frontend/src/components/VideoCard.tsx": 1775853327.3543193,
  "frontend/src/components/VideoPlayer/ProgressBar.tsx": 1775853327.3543193,
  "frontend/src/components/VideoPlayer/QualityMenu.tsx": 1775853327.354677,
  "frontend/src/components/VideoPlayer/SpeedMenu.tsx": 1775853327.354677,
  "frontend/src/components/VideoPlayer/VideoControls.tsx": 1775880070.7841527,
  "frontend/src/components/VideoPlayer/VideoPlayer.tsx": 1775853327.354677,
  "frontend/src/components/VideoPlayer/VolumeControl.tsx": 1775853327.354677,
  "frontend/src/components/VideoPlayer/Watermark.tsx": 1775853327.354677,
  "frontend/src/components/VideoPlayer/history.ts": 1775853327.354677,
  "frontend/src/components/VideoPlayer/index.ts": 1775853327.354677,
  "frontend/src/components/VideoPlayer/storyboard.ts": 1775853327.354677,
  "frontend/src/components/channel/ChannelAbout.tsx": 1776105177.7975662,
  "frontend/src/components/channel/ChannelNavTabs.tsx": 1776216026.265854,
  "frontend/src/components/channel/ChannelPageSkeleton.tsx": 1775853327.3549175,
  "frontend/src/components/channel/FeaturedVideoCard.tsx": 1775853327.3549175,
  "frontend/src/components/channel/PlaylistCard.tsx": 1776222721.2360194,
  "frontend/src/components/channel/ChannelVideoCard.tsx": 1776223000.1593468,
  "frontend/src/components/channel/ShortsCard.tsx": 1776218681.6702807,
  "frontend/src/components/channel/ChannelPostCard.tsx": 1776117548.435023,
  "frontend/src/components/channel/ChannelHero.tsx": 1776224065.1741493,
  "frontend/src/components/home/CategoryChips.tsx": 1776322203.263942,